0, 1, 1.91876e-09
0, 2, 0
0, 3, 0
0, 4, 0.334272
0, 5, 0
0, 6, 0.0174473
0, 7, 0
0, 8, 0
0, 9, 0
0, 10, 0
0, 11, 0
0, 12, 0
0, 13, 0.001234
0, 14, 0
0, 15, 0
0, 16, 0
0, 17, 0.34265
0, 18, 0
0, 19, 0.0150302
0, 20, 0.202621
0, 21, 0
0, 22, 0
0, 23, 0
0, 24, 0
0, 25, 0.0694038
0, 26, 0
0, 27, 0
0, 28, 0
0, 29, 0.000130503
0, 30, 0
0, 31, 0
0, 32, 0
0, 33, 0
0, 34, 0.141385
0, 35, 0
0, 36, 0
0, 37, 0
0, 38, 0
0, 39, 0
0, 40, 0
0, 41, 0
0, 42, 0
0, 43, 0
0, 44, 0
0, 45, 0
0, 46, 0
0, 47, 0
0, 48, 0.014905
0, 49, 0
0, 50, 0
0, 51, 0
0, 52, 1.72662e-05
0, 53, 0
0, 54, 0
0, 55, 0
0, 56, 0
0, 57, 0
0, 58, 4.5453e-07
0, 59, 0.000811197
0, 60, 0
0, 61, 0
0, 62, 0
0, 63, 1.92437e-08
0, 64, 0.264973
0, 65, 0
0, 66, 0
0, 67, 0
0, 68, 0
0, 69, 0
0, 70, 0
0, 71, 0
0, 72, 0
0, 73, 0.0351744
0, 74, 0
0, 75, 0
0, 76, 0
0, 77, 0
0, 78, 7.87998e-25
0, 79, 0
1, 2, 0
1, 3, 0
1, 4, 0.191857
1, 5, 0
1, 6, 0
1, 7, 1.11183e-19
1, 8, 0.0410413
1, 9, 0
1, 10, 0
1, 11, 5.15699e-11
1, 12, 0
1, 13, 0
1, 14, 0
1, 15, 0.00357852
1, 16, 0
1, 17, 2.50911e-10
1, 18, 0
1, 19, 0
1, 20, 9.2634e-14
1, 21, 1.55683e-39
1, 22, 0
1, 23, 0.257014
1, 24, 0
1, 25, 0
1, 26, 0
1, 27, 6.72672e-29
1, 28, 0.0134239
1, 29, 0.00326084
1, 30, 0
1, 31, 0
1, 32, 0.151833
1, 33, 0
1, 34, 0.00433522
1, 35, 1.36623e-06
1, 36, 3.36302e-07
1, 37, 0
1, 38, 0
1, 39, 0
1, 40, 0
1, 41, 0.0191608
1, 42, 0
1, 43, 5.26336e-12
1, 44, 0
1, 45, 0.0789113
1, 46, 0
1, 47, 0.0545233
1, 48, 2.23343e-12
1, 49, 2.01747e-14
1, 50, 0.0488332
1, 51, 9.53426e-06
1, 52, 0
1, 53, 0
1, 54, 0.0300122
1, 55, 0
1, 56, 2.39717e-06
1, 57, 0.999997
1, 58, 0.145633
1, 59, 0.000113425
1, 60, 1.12878e-08
1, 61, 2.27657e-10
1, 62, 1.68151e-07
1, 63, 2.51827e-09
1, 64, 0.115552
1, 65, 0
1, 66, 0.0402839
1, 67, 9.38321e-29
1, 68, 0
1, 69, 0
1, 70, 0
1, 71, 1.28627e-26
1, 72, 0
1, 73, 0
1, 74, 0
1, 75, 0
1, 76, 0
1, 77, 0
1, 78, 1.9157e-12
1, 79, 0
2, 3, 0
2, 4, 0
2, 5, 1.31341e-08
2, 6, 0.00103263
2, 7, 0
2, 8, 0
2, 9, 0
2, 10, 0
2, 11, 0
2, 12, 0
2, 13, 0.000811673
2, 14, 0
2, 15, 0
2, 16, 0
2, 17, 4.84912e-11
2, 18, 0
2, 19, 0
2, 20, 2.4484e-24
2, 21, 0
2, 22, 1.34836e-11
2, 23, 0
2, 24, 0
2, 25, 2.36954e-11
2, 26, 0
2, 27, 5.53633e-06
2, 28, 0
2, 29, 3.1484e-18
2, 30, 0.0549232
2, 31, 0
2, 32, 0
2, 33, 0
2, 34, 0
2, 35, 0
2, 36, 0
2, 37, 0
2, 38, 0
2, 39, 0.5
2, 40, 0
2, 41, 1.40998e-12
2, 42, 0
2, 43, 0
2, 44, 0
2, 45, 9.59742e-11
2, 46, 0
2, 47, 0
2, 48, 0.17158
2, 49, 0
2, 50, 4.69335e-12
2, 51, 0
2, 52, 0.0713562
2, 53, 0
2, 54, 0
2, 55, 0
2, 56, 0
2, 57, 0
2, 58, 1.23458e-36
2, 59, 1.34628e-11
2, 60, 0
2, 61, 6.42639e-29
2, 62, 2.27099e-18
2, 63, 0
2, 64, 0
2, 65, 0
2, 66, 0
2, 67, 0
2, 68, 0
2, 69, 0
2, 70, 0
2, 71, 0
2, 72, 0
2, 73, 0
2, 74, 0
2, 75, 4.41889e-09
2, 76, 0.00024146
2, 77, 0
2, 78, 0
2, 79, 0
3, 4, 0
3, 5, 0
3, 6, 0.0037208
3, 7, 0
3, 8, 0
3, 9, 0
3, 10, 0
3, 11, 0
3, 12, 0
3, 13, 0
3, 14, 0
3, 15, 0
3, 16, 0
3, 17, 0.059835
3, 18, 0
3, 19, 0.000440323
3, 20, 1.98267e-24
3, 21, 0
3, 22, 0
3, 23, 0
3, 24, 0
3, 25, 0
3, 26, 0
3, 27, 0
3, 28, 0
3, 29, 1.0663e-06
3, 30, 0
3, 31, 0
3, 32, 0
3, 33, 0
3, 34, 0
3, 35, 0
3, 36, 0
3, 37, 0
3, 38, 0
3, 39, 0
3, 40, 0
3, 41, 0
3, 42, 0
3, 43, 0
3, 44, 0
3, 45, 0
3, 46, 0
3, 47, 0
3, 48, 0
3, 49, 0
3, 50, 0
3, 51, 0
3, 52, 0.0105129
3, 53, 0
3, 54, 0
3, 55, 0
3, 56, 0
3, 57, 0
3, 58, 0
3, 59, 0
3, 60, 0
3, 61, 0
3, 62, 0
3, 63, 0
3, 64, 0.0037153
3, 65, 0
3, 66, 0
3, 67, 0
3, 68, 0
3, 69, 0
3, 70, 0
3, 71, 0
3, 72, 0
3, 73, 0.00750341
3, 74, 0
3, 75, 0.0207872
3, 76, 0
3, 77, 0
3, 78, 0
3, 79, 0
4, 5, 1.51967e-07
4, 6, 0.336521
4, 7, 0
4, 8, 6.18103e-13
4, 9, 0
4, 10, 0
4, 11, 0
4, 12, 0
4, 13, 0.204516
4, 14, 0
4, 15, 0
4, 16, 0
4, 17, 0.0532847
4, 18, 0
4, 19, 0.166667
4, 20, 0.00803976
4, 21, 0
4, 22, 0.425475
4, 23, 0.499998
4, 24, 5.2089e-14
4, 25, 0
4, 26, 0
4, 27, 0
4, 28, 0
4, 29, 0
4, 30, 0
4, 31, 0
4, 32, 8.09112e-24
4, 33, 0
4, 34, 0.0020765
4, 35, 0
4, 36, 0
4, 37, 0
4, 38, 0
4, 39, 0
4, 40, 0
4, 41, 1.66532e-26
4, 42, 0
4, 43, 8.04902e-27
4, 44, 0.499998
4, 45, 1.22247e-21
4, 46, 0
4, 47, 0.000563971
4, 48, 1.62228e-23
4, 49, 0.0715101
4, 50, 3.96746e-07
4, 51, 0
4, 52, 4.20096e-18
4, 53, 0
4, 54, 4.18511e-18
4, 55, 0
4, 56, 0
4, 57, 0
4, 58, 2.09193e-23
4, 59, 0
4, 60, 0.0591769
4, 61, 8.60771e-08
4, 62, 0
4, 63, 0
4, 64, 5.00752e-07
4, 65, 0
4, 66, 1.65126e-08
4, 67, 0
4, 68, 0
4, 69, 0
4, 70, 0
4, 71, 0
4, 72, 0
4, 73, 8.86057e-26
4, 74, 1.44968e-06
4, 75, 5.83321e-11
4, 76, 0
4, 77, 0
4, 78, 0.0333915
4, 79, 0
5, 6, 0
5, 7, 0.0376961
5, 8, 3.61332e-06
5, 9, 4.4967e-28
5, 10, 0
5, 11, 0
5, 12, 0
5, 13, 3.98631e-09
5, 14, 0.0268406
5, 15, 0
5, 16, 0
5, 17, 8.37107e-08
5, 18, 4.8074e-08
5, 19, 0.0144958
5, 20, 5.78606e-11
5, 21, 0
5, 22, 6.87594e-09
5, 23, 0.201478
5, 24, 0
5, 25, 0.127179
5, 26, 0
5, 27, 0.197605
5, 28, 0
5, 29, 0
5, 30, 3.8774e-08
5, 31, 0
5, 32, 0
5, 33, 0
5, 34, 0.208384
5, 35, 0
5, 36, 0
5, 37, 0
5, 38, 0
5, 39, 0
5, 40, 0
5, 41, 0.0189718
5, 42, 0
5, 43, 0
5, 44, 0.00109786
5, 45, 0.0213186
5, 46, 8.59176e-14
5, 47, 0
5, 48, 2.33844e-09
5, 49, 2.35061e-16
5, 50, 0.156315
5, 51, 0
5, 52, 2.09622e-09
5, 53, 0.0021883
5, 54, 0
5, 55, 1.56122e-29
5, 56, 0
5, 57, 3.87244e-16
5, 58, 0
5, 59, 0.000122097
5, 60, 0
5, 61, 0
5, 62, 0.173951
5, 63, 0
5, 64, 5.83759e-08
5, 65, 0
5, 66, 0
5, 67, 0.0321939
5, 68, 0
5, 69, 0.0119273
5, 70, 0
5, 71, 0
5, 72, 0
5, 73, 0
5, 74, 0
5, 75, 0.0110759
5, 76, 0.041798
5, 77, 3.01868e-18
5, 78, 4.48858e-18
5, 79, 0
6, 7, 0
6, 8, 1.08974e-19
6, 9, 0
6, 10, 0
6, 11, 0.00490668
6, 12, 0.00048193
6, 13, 0
6, 14, 0.00374245
6, 15, 0.161535
6, 16, 0
6, 17, 0.0406443
6, 18, 1.39149e-42
6, 19, 0
6, 20, 0.0415114
6, 21, 0
6, 22, 0.214071
6, 23, 0.248973
6, 24, 1.2407e-23
6, 25, 0.0160381
6, 26, 0
6, 27, 0
6, 28, 0.0417757
6, 29, 7.24384e-31
6, 30, 0
6, 31, 0
6, 32, 1.159e-12
6, 33, 0
6, 34, 1.6264e-14
6, 35, 0
6, 36, 0
6, 37, 0.0137747
6, 38, 0
6, 39, 6.7123e-24
6, 40, 0.428141
6, 41, 2.28636e-14
6, 42, 0
6, 43, 0.195243
6, 44, 0.00125894
6, 45, 1.85283e-16
6, 46, 9.58432e-40
6, 47, 0.0525238
6, 48, 0.124001
6, 49, 0.250687
6, 50, 4.71938e-19
6, 51, 4.73789e-19
6, 52, 2.66247e-44
6, 53, 0.00247935
6, 54, 2.13434e-14
6, 55, 0
6, 56, 0.174898
6, 57, 0
6, 58, 1.32087e-13
6, 59, 3.48652e-13
6, 60, 0
6, 61, 3.47005e-14
6, 62, 0
6, 63, 0
6, 64, 6.95126e-10
6, 65, 0.00673686
6, 66, 3.55486e-13
6, 67, 0
6, 68, 0.0380003
6, 69, 0
6, 70, 0
6, 71, 0
6, 72, 0
6, 73, 0
6, 74, 0.00048193
6, 75, 0
6, 76, 0
6, 77, 1.56349e-18
6, 78, 0.0743506
6, 79, 1.45525e-20
7, 8, 0
7, 9, 0
7, 10, 0
7, 11, 0
7, 12, 0
7, 13, 1.33208e-15
7, 14, 0
7, 15, 0
7, 16, 9.08788e-15
7, 17, 0
7, 18, 0
7, 19, 0
7, 20, 0
7, 21, 0
7, 22, 0
7, 23, 0
7, 24, 0
7, 25, 0
7, 26, 0
7, 27, 0.333589
7, 28, 0
7, 29, 0.126263
7, 30, 0
7, 31, 0
7, 32, 0.0944466
7, 33, 0
7, 34, 0
7, 35, 0
7, 36, 0
7, 37, 0
7, 38, 0
7, 39, 0
7, 40, 0
7, 41, 0.00014588
7, 42, 0
7, 43, 0.0779114
7, 44, 0
7, 45, 3.47437e-06
7, 46, 0
7, 47, 0
7, 48, 0.0340072
7, 49, 2.52075e-35
7, 50, 0
7, 51, 0
7, 52, 0
7, 53, 0
7, 54, 0.022995
7, 55, 0
7, 56, 0
7, 57, 0
7, 58, 0.028854
7, 59, 0
7, 60, 4.51141e-19
7, 61, 0.0525145
7, 62, 0
7, 63, 0
7, 64, 0
7, 65, 0
7, 66, 0
7, 67, 0
7, 68, 0
7, 69, 0
7, 70, 0
7, 71, 0
7, 72, 3.81438e-14
7, 73, 3.73787e-23
7, 74, 0
7, 75, 0
7, 76, 0
7, 77, 0
7, 78, 5.90293e-27
7, 79, 0
8, 9, 0
8, 10, 0
8, 11, 0.171875
8, 12, 0
8, 13, 0.0183661
8, 14, 0
8, 15, 0
8, 16, 0
8, 17, 0
8, 18, 0
8, 19, 0.0546875
8, 20, 2.71348e-18
8, 21, 0
8, 22, 2.02232e-10
8, 23, 4.47954e-08
8, 24, 0.182821
8, 25, 0.000211142
8, 26, 0
8, 27, 0
8, 28, 0
8, 29, 0
8, 30, 0
8, 31, 0
8, 32, 0
8, 33, 0
8, 34, 0
8, 35, 0
8, 36, 0
8, 37, 0
8, 38, 0
8, 39, 0
8, 40, 0
8, 41, 1.15186e-30
8, 42, 0
8, 43, 2.53274e-22
8, 44, 0.646997
8, 45, 1.1712e-25
8, 46, 0
8, 47, 0
8, 48, 7.39086e-28
8, 49, 0.00516612
8, 50, 0.999996
8, 51, 0
8, 52, 0
8, 53, 0
8, 54, 5.17466e-08
8, 55, 1.38036e-06
8, 56, 0
8, 57, 0
8, 58, 8.08178e-12
8, 59, 0
8, 60, 0.0966314
8, 61, 5.41632e-07
8, 62, 0.9375
8, 63, 0
8, 64, 1.9852e-06
8, 65, 0
8, 66, 3.50312e-07
8, 67, 0
8, 68, 0
8, 69, 0
8, 70, 0
8, 71, 0
8, 72, 0.087638
8, 73, 0.0703205
8, 74, 0.165203
8, 75, 0
8, 76, 0
8, 77, 0
8, 78, 0.0220353
8, 79, 0
9, 10, 9.00577e-24
9, 11, 0
9, 12, 0
9, 13, 0
9, 14, 0
9, 15, 0
9, 16, 0
9, 17, 0
9, 18, 5.26146e-21
9, 19, 0
9, 20, 1.21931e-09
9, 21, 0
9, 22, 0
9, 23, 0
9, 24, 0
9, 25, 0
9, 26, 0
9, 27, 0
9, 28, 0
9, 29, 0
9, 30, 0
9, 31, 1.36097e-18
9, 32, 0
9, 33, 0
9, 34, 0.0143174
9, 35, 0
9, 36, 0
9, 37, 0
9, 38, 0.0180777
9, 39, 0
9, 40, 0
9, 41, 0.0311019
9, 42, 0
9, 43, 0
9, 44, 0
9, 45, 0
9, 46, 4.30379e-32
9, 47, 0
9, 48, 0
9, 49, 2.64851e-15
9, 50, 0
9, 51, 0
9, 52, 0
9, 53, 0.00255783
9, 54, 0
9, 55, 0
9, 56, 0
9, 57, 0
9, 58, 0
9, 59, 0.0504671
9, 60, 0
9, 61, 0
9, 62, 0
9, 63, 0
9, 64, 0
9, 65, 0.0334514
9, 66, 0
9, 67, 2.38201e-08
9, 68, 0
9, 69, 0
9, 70, 0
9, 71, 0
9, 72, 0
9, 73, 0
9, 74, 0
9, 75, 0
9, 76, 0
9, 77, 0
9, 78, 0
9, 79, 0
10, 11, 0.309709
10, 12, 0
10, 13, 0
10, 14, 0
10, 15, 0
10, 16, 0
10, 17, 0
10, 18, 0
10, 19, 0
10, 20, 1.39971e-16
10, 21, 0
10, 22, 0
10, 23, 0
10, 24, 0
10, 25, 0
10, 26, 0
10, 27, 0
10, 28, 0
10, 29, 0
10, 30, 1.39573e-06
10, 31, 0
10, 32, 0
10, 33, 0
10, 34, 0
10, 35, 0.192534
10, 36, 0
10, 37, 0
10, 38, 0
10, 39, 0
10, 40, 2.26618e-22
10, 41, 6.37794e-14
10, 42, 3.89601e-16
10, 43, 0
10, 44, 0
10, 45, 2.10738e-28
10, 46, 0
10, 47, 0
10, 48, 0
10, 49, 0.199872
10, 50, 0
10, 51, 0
10, 52, 0
10, 53, 0
10, 54, 0
10, 55, 0
10, 56, 0
10, 57, 2.82497e-15
10, 58, 0
10, 59, 0
10, 60, 0
10, 61, 0
10, 62, 0
10, 63, 0
10, 64, 0
10, 65, 4.69185e-07
10, 66, 0
10, 67, 3.79813e-20
10, 68, 0
10, 69, 0.000178623
10, 70, 9.74867e-07
10, 71, 0.191416
10, 72, 0
10, 73, 0
10, 74, 0
10, 75, 0
10, 76, 7.55931e-07
10, 77, 0
10, 78, 0.236509
10, 79, 0
11, 12, 0
11, 13, 0.182047
11, 14, 0
11, 15, 0
11, 16, 0
11, 17, 0
11, 18, 0
11, 19, 7.06938e-10
11, 20, 0.0673825
11, 21, 0
11, 22, 7.71858e-12
11, 23, 1.2448e-21
11, 24, 0
11, 25, 0
11, 26, 0
11, 27, 4.25343e-08
11, 28, 0
11, 29, 0.30737
11, 30, 0
11, 31, 0
11, 32, 0.0435053
11, 33, 0
11, 34, 0.0485648
11, 35, 0.999905
11, 36, 0.00573517
11, 37, 1.97743e-15
11, 38, 0
11, 39, 0
11, 40, 0
11, 41, 6.54477e-14
11, 42, 0
11, 43, 1.38113e-29
11, 44, 0
11, 45, 3.90386e-14
11, 46, 0
11, 47, 0
11, 48, 0.169661
11, 49, 0
11, 50, 4.90032e-09
11, 51, 0
11, 52, 0
11, 53, 0
11, 54, 0
11, 55, 0
11, 56, 0
11, 57, 0
11, 58, 0.00908433
11, 59, 2.27246e-16
11, 60, 4.2075e-11
11, 61, 0
11, 62, 6.23157e-10
11, 63, 0
11, 64, 0
11, 65, 0
11, 66, 0
11, 67, 0
11, 68, 0
11, 69, 0.000218219
11, 70, 0
11, 71, 0.156248
11, 72, 3.16759e-09
11, 73, 5.79316e-15
11, 74, 0
11, 75, 0
11, 76, 4.47217e-19
11, 77, 0
11, 78, 5.63021e-25
11, 79, 0
12, 13, 0
12, 14, 0
12, 15, 0
12, 16, 0
12, 17, 0.0258792
12, 18, 0
12, 19, 0
12, 20, 1.53025e-25
12, 21, 0
12, 22, 0
12, 23, 0
12, 24, 5.44122e-10
12, 25, 0
12, 26, 0
12, 27, 0
12, 28, 0
12, 29, 0.991834
12, 30, 0
12, 31, 0
12, 32, 0
12, 33, 0
12, 34, 2.88583e-20
12, 35, 0
12, 36, 0
12, 37, 0
12, 38, 0
12, 39, 0
12, 40, 0
12, 41, 0
12, 42, 0
12, 43, 0
12, 44, 0
12, 45, 0
12, 46, 0
12, 47, 0
12, 48, 0.0378643
12, 49, 0
12, 50, 0
12, 51, 0
12, 52, 0.140292
12, 53, 0
12, 54, 1.23383e-26
12, 55, 0
12, 56, 0
12, 57, 0
12, 58, 0.00340364
12, 59, 0
12, 60, 0
12, 61, 0.00490706
12, 62, 0.00631111
12, 63, 0
12, 64, 0
12, 65, 0
12, 66, 0.738281
12, 67, 0
12, 68, 0
12, 69, 0
12, 70, 0
12, 71, 0
12, 72, 0
12, 73, 0
12, 74, 1
12, 75, 0.243187
12, 76, 0
12, 77, 0
12, 78, 0
12, 79, 0
13, 14, 0.000107651
13, 15, 0
13, 16, 0
13, 17, 0.0783258
13, 18, 0
13, 19, 0
13, 20, 0.0278287
13, 21, 0
13, 22, 0.0473279
13, 23, 0.302647
13, 24, 3.0511e-06
13, 25, 0.000657994
13, 26, 0
13, 27, 0
13, 28, 0.00354938
13, 29, 9.77576e-14
13, 30, 3.62149e-38
13, 31, 0
13, 32, 1.02714e-11
13, 33, 0
13, 34, 3.11815e-12
13, 35, 0
13, 36, 0
13, 37, 0
13, 38, 0
13, 39, 0
13, 40, 0.0946558
13, 41, 1.31997e-12
13, 42, 0
13, 43, 0.00259192
13, 44, 0.211584
13, 45, 3.39243e-11
13, 46, 8.74732e-30
13, 47, 1.59822e-05
13, 48, 0.00047915
13, 49, 0.107756
13, 50, 0.0201747
13, 51, 2.32281e-07
13, 52, 6.99456e-16
13, 53, 0
13, 54, 2.59081e-09
13, 55, 0
13, 56, 0.298138
13, 57, 0
13, 58, 3.66335e-11
13, 59, 2.15007e-13
13, 60, 0.404812
13, 61, 9.79619e-09
13, 62, 8.91067e-09
13, 63, 0
13, 64, 1.54515e-07
13, 65, 0
13, 66, 1.61444e-08
13, 67, 9.52575e-14
13, 68, 0
13, 69, 0
13, 70, 0.0941863
13, 71, 0
13, 72, 0.0057373
13, 73, 0
13, 74, 7.99848e-05
13, 75, 0
13, 76, 2.42993e-32
13, 77, 2.31286e-20
13, 78, 0.195802
13, 79, 0
14, 15, 0
14, 16, 0
14, 17, 3.05417e-08
14, 18, 0
14, 19, 0
14, 20, 0.0441621
14, 21, 0
14, 22, 1.80461e-12
14, 23, 0
14, 24, 0
14, 25, 0
14, 26, 0
14, 27, 0
14, 28, 0
14, 29, 0
14, 30, 1.63022e-10
14, 31, 0
14, 32, 0
14, 33, 0
14, 34, 0.0848691
14, 35, 0
14, 36, 0
14, 37, 0
14, 38, 0
14, 39, 0
14, 40, 0
14, 41, 0.101912
14, 42, 0
14, 43, 0.0142585
14, 44, 0
14, 45, 0.0566077
14, 46, 0
14, 47, 0
14, 48, 2.00645e-10
14, 49, 1.1815e-28
14, 50, 0
14, 51, 0
14, 52, 0.130919
14, 53, 0.063173
14, 54, 0.0242663
14, 55, 1.26431e-19
14, 56, 0
14, 57, 0
14, 58, 0.0227097
14, 59, 8.29342e-10
14, 60, 5.13204e-19
14, 61, 4.30271e-11
14, 62, 0
14, 63, 0
14, 64, 0
14, 65, 0
14, 66, 0
14, 67, 0.347446
14, 68, 0
14, 69, 0
14, 70, 0
14, 71, 0
14, 72, 0
14, 73, 0
14, 74, 0
14, 75, 0.135538
14, 76, 0
14, 77, 0
14, 78, 0
14, 79, 0
15, 16, 0
15, 17, 0.0074963
15, 18, 0
15, 19, 0
15, 20, 2.8026e-45
15, 21, 0
15, 22, 0
15, 23, 0
15, 24, 0
15, 25, 0
15, 26, 0
15, 27, 0
15, 28, 0
15, 29, 0
15, 30, 0
15, 31, 0
15, 32, 0
15, 33, 0
15, 34, 0
15, 35, 0
15, 36, 0
15, 37, 0
15, 38, 0
15, 39, 0
15, 40, 0
15, 41, 0
15, 42, 0
15, 43, 0
15, 44, 0
15, 45, 0
15, 46, 0
15, 47, 0
15, 48, 0
15, 49, 0
15, 50, 0
15, 51, 0
15, 52, 0
15, 53, 0
15, 54, 0
15, 55, 0
15, 56, 0
15, 57, 0
15, 58, 0
15, 59, 0
15, 60, 0
15, 61, 0
15, 62, 0
15, 63, 0
15, 64, 0.0167776
15, 65, 0
15, 66, 0
15, 67, 0
15, 68, 0
15, 69, 0
15, 70, 0
15, 71, 0
15, 72, 0.00311679
15, 73, 0.116468
15, 74, 0
15, 75, 0
15, 76, 0
15, 77, 0
15, 78, 0.0162445
15, 79, 0
16, 17, 0
16, 18, 0
16, 19, 0
16, 20, 0
16, 21, 0
16, 22, 0
16, 23, 0
16, 24, 0
16, 25, 0
16, 26, 0
16, 27, 0
16, 28, 0
16, 29, 4.74909e-09
16, 30, 0
16, 31, 0
16, 32, 1.71891e-07
16, 33, 0
16, 34, 0
16, 35, 0
16, 36, 0
16, 37, 0
16, 38, 0
16, 39, 0
16, 40, 0
16, 41, 0.405903
16, 42, 8.95899e-23
16, 43, 0.305707
16, 44, 0
16, 45, 0
16, 46, 0
16, 47, 0
16, 48, 0
16, 49, 0
16, 50, 0
16, 51, 2.14844e-13
16, 52, 0
16, 53, 0
16, 54, 2.09329e-06
16, 55, 0.0387658
16, 56, 0
16, 57, 0
16, 58, 7.3595e-08
16, 59, 0
16, 60, 0
16, 61, 6.12458e-06
16, 62, 0
16, 63, 0
16, 64, 0
16, 65, 0
16, 66, 0
16, 67, 0
16, 68, 0
16, 69, 0
16, 70, 0
16, 71, 0
16, 72, 0
16, 73, 0
16, 74, 0
16, 75, 0
16, 76, 0
16, 77, 0
16, 78, 1.27154e-14
16, 79, 0
17, 18, 0
17, 19, 7.50852e-09
17, 20, 0
17, 21, 0
17, 22, 0.0715611
17, 23, 0.110007
17, 24, 1.43503e-18
17, 25, 0.171588
17, 26, 0
17, 27, 0
17, 28, 0.280845
17, 29, 6.25396e-17
17, 30, 0.195519
17, 31, 0
17, 32, 7.90422e-13
17, 33, 0
17, 34, 0
17, 35, 0
17, 36, 0
17, 37, 8.18543e-10
17, 38, 0
17, 39, 1.00736e-20
17, 40, 0
17, 41, 1.68189e-12
17, 42, 0
17, 43, 4.683e-05
17, 44, 0.0414182
17, 45, 4.66817e-09
17, 46, 0
17, 47, 0.0467125
17, 48, 0.0392271
17, 49, 0
17, 50, 2.52181e-11
17, 51, 0
17, 52, 0.0639251
17, 53, 7.20074e-06
17, 54, 3.62438e-10
17, 55, 3.04115e-08
17, 56, 1.99589e-26
17, 57, 0.00168854
17, 58, 2.5892e-13
17, 59, 0
17, 60, 1.81823e-10
17, 61, 1.17671e-08
17, 62, 1.03383e-09
17, 63, 8.51599e-29
17, 64, 8.35993e-35
17, 65, 0
17, 66, 1.86461e-08
17, 67, 2.81378e-16
17, 68, 2.3392e-28
17, 69, 0
17, 70, 0
17, 71, 0
17, 72, 3.4684e-09
17, 73, 0.0705566
17, 74, 0.00385023
17, 75, 5.34664e-08
17, 76, 0.0014788
17, 77, 0
17, 78, 0
17, 79, 2.58636e-23
18, 19, 0
18, 20, 6.8048e-12
18, 21, 0
18, 22, 0
18, 23, 0
18, 24, 0
18, 25, 0
18, 26, 0
18, 27, 0
18, 28, 0
18, 29, 0
18, 30, 0
18, 31, 0
18, 32, 0
18, 33, 0
18, 34, 1.51115e-09
18, 35, 0
18, 36, 0
18, 37, 0
18, 38, 0
18, 39, 0
18, 40, 0
18, 41, 0.0105249
18, 42, 0
18, 43, 3.19832e-05
18, 44, 0
18, 45, 0
18, 46, 0
18, 47, 0
18, 48, 0
18, 49, 0
18, 50, 0
18, 51, 0
18, 52, 0
18, 53, 0
18, 54, 1.27948e-21
18, 55, 0
18, 56, 0
18, 57, 0
18, 58, 4.20942e-27
18, 59, 0
18, 60, 0
18, 61, 0
18, 62, 0
18, 63, 0
18, 64, 0
18, 65, 0
18, 66, 0
18, 67, 7.91931e-08
18, 68, 0
18, 69, 0
18, 70, 0
18, 71, 0
18, 72, 0
18, 73, 0
18, 74, 0
18, 75, 7.9215e-17
18, 76, 0
18, 77, 0
18, 78, 0
18, 79, 0
19, 20, 5.95437e-28
19, 21, 0
19, 22, 0
19, 23, 1.06149e-15
19, 24, 0
19, 25, 0
19, 26, 0
19, 27, 0
19, 28, 0
19, 29, 0
19, 30, 0
19, 31, 0
19, 32, 4.28117e-19
19, 33, 0
19, 34, 0
19, 35, 1.36992e-26
19, 36, 0
19, 37, 0
19, 38, 0
19, 39, 0
19, 40, 0
19, 41, 0
19, 42, 0
19, 43, 5.12892e-13
19, 44, 2.82783e-07
19, 45, 0
19, 46, 0
19, 47, 2.04115e-06
19, 48, 0
19, 49, 0
19, 50, 0.0546875
19, 51, 0
19, 52, 0
19, 53, 0
19, 54, 0.58407
19, 55, 0
19, 56, 0
19, 57, 0
19, 58, 0.0117433
19, 59, 0
19, 60, 0
19, 61, 0.744537
19, 62, 0
19, 63, 0
19, 64, 0.11914
19, 65, 0
19, 66, 1
19, 67, 0
19, 68, 0
19, 69, 0
19, 70, 0
19, 71, 6.94885e-26
19, 72, 0
19, 73, 0
19, 74, 0
19, 75, 1.80855e-10
19, 76, 0
19, 77, 0
19, 78, 5.57563e-11
19, 79, 0
20, 21, 0
20, 22, 0.026904
20, 23, 0.032159
20, 24, 0
20, 25, 0.303419
20, 26, 0
20, 27, 0
20, 28, 0.92539
20, 29, 2.95904e-17
20, 30, 0.0481974
20, 31, 0.0268477
20, 32, 8.75903e-15
20, 33, 0
20, 34, 0.92539
20, 35, 0
20, 36, 0
20, 37, 6.1394e-13
20, 38, 0
20, 39, 1.21427e-31
20, 40, 5.10843e-09
20, 41, 3.32951e-10
20, 42, 0
20, 43, 0.0167881
20, 44, 0.12643
20, 45, 4.52021e-08
20, 46, 0
20, 47, 3.78197e-35
20, 48, 5.88179e-11
20, 49, 0
20, 50, 5.42695e-18
20, 51, 0
20, 52, 0.0930099
20, 53, 1.69627e-07
20, 54, 9.46391e-12
20, 55, 3.78105e-12
20, 56, 0
20, 57, 0
20, 58, 2.40776e-14
20, 59, 5.32493e-44
20, 60, 8.23469e-14
20, 61, 2.64103e-13
20, 62, 5.85522e-29
20, 63, 0
20, 64, 0
20, 65, 0
20, 66, 0
20, 67, 7.79931e-11
20, 68, 0
20, 69, 0
20, 70, 0
20, 71, 0
20, 72, 9.12486e-28
20, 73, 1.39521e-16
20, 74, 6.3369e-23
20, 75, 1.19063e-10
20, 76, 0
20, 77, 4.73683e-09
20, 78, 0
20, 79, 0
21, 22, 0
21, 23, 0
21, 24, 0
21, 25, 0
21, 26, 0
21, 27, 0
21, 28, 0
21, 29, 0
21, 30, 0
21, 31, 0
21, 32, 0
21, 33, 0
21, 34, 0
21, 35, 0
21, 36, 7.72653e-12
21, 37, 0
21, 38, 0
21, 39, 0
21, 40, 0
21, 41, 6.3862e-25
21, 42, 1.24889e-10
21, 43, 0
21, 44, 0
21, 45, 0
21, 46, 0
21, 47, 0
21, 48, 0
21, 49, 0
21, 50, 0
21, 51, 0
21, 52, 0
21, 53, 0
21, 54, 0
21, 55, 0
21, 56, 0
21, 57, 0
21, 58, 0
21, 59, 0
21, 60, 0
21, 61, 0
21, 62, 0
21, 63, 0
21, 64, 0
21, 65, 0
21, 66, 0
21, 67, 1.4113e-29
21, 68, 0
21, 69, 0
21, 70, 0
21, 71, 0
21, 72, 0
21, 73, 0
21, 74, 0
21, 75, 0
21, 76, 0
21, 77, 0
21, 78, 0.0115303
21, 79, 0
22, 23, 0.192661
22, 24, 0
22, 25, 2.50602e-11
22, 26, 0
22, 27, 1.4438e-16
22, 28, 0
22, 29, 0
22, 30, 0
22, 31, 0
22, 32, 5.02594e-17
22, 33, 0
22, 34, 1.31194e-11
22, 35, 0
22, 36, 0
22, 37, 0
22, 38, 0
22, 39, 0
22, 40, 1
22, 41, 8.5803e-13
22, 42, 0
22, 43, 0.000138094
22, 44, 0.063965
22, 45, 6.5637e-11
22, 46, 7.60727e-28
22, 47, 2.33463e-06
22, 48, 2.64302e-05
22, 49, 0.113388
22, 50, 4.00998e-10
22, 51, 1.02177e-10
22, 52, 5.6615e-15
22, 53, 0
22, 54, 7.17741e-09
22, 55, 0
22, 56, 0.14784
22, 57, 0
22, 58, 1.82961e-13
22, 59, 9.17506e-14
22, 60, 0.00899149
22, 61, 1.67979e-07
22, 62, 3.37153e-08
22, 63, 0
22, 64, 8.93888e-07
22, 65, 0
22, 66, 5.66548e-08
22, 67, 8.75628e-14
22, 68, 0
22, 69, 0
22, 70, 0
22, 71, 0
22, 72, 0
22, 73, 0
22, 74, 0
22, 75, 0
22, 76, 1.24424e-20
22, 77, 1.31641e-26
22, 78, 0.250366
22, 79, 0
23, 24, 9.39947e-13
23, 25, 0
23, 26, 0
23, 27, 0
23, 28, 0
23, 29, 0
23, 30, 0.000150719
23, 31, 0
23, 32, 0.215078
23, 33, 0
23, 34, 0.00830598
23, 35, 0
23, 36, 0
23, 37, 0.00141583
23, 38, 0
23, 39, 0
23, 40, 0
23, 41, 0.0811987
23, 42, 0
23, 43, 0.258949
23, 44, 9.94376e-18
23, 45, 0.0551118
23, 46, 0
23, 47, 0
23, 48, 0.0422938
23, 49, 0.286041
23, 50, 0.0409884
23, 51, 0
23, 52, 5.04115e-18
23, 53, 0.000230351
23, 54, 0.299109
23, 55, 0
23, 56, 0
23, 57, 0.00255333
23, 58, 0.354072
23, 59, 0
23, 60, 0.0565935
23, 61, 0.381072
23, 62, 1.13193e-10
23, 63, 0
23, 64, 0
23, 65, 0
23, 66, 1.37299e-16
23, 67, 0
23, 68, 0
23, 69, 0
23, 70, 0
23, 71, 0
23, 72, 2.61225e-16
23, 73, 3.11632e-25
23, 74, 0
23, 75, 0
23, 76, 0.0343015
23, 77, 0
23, 78, 0.133566
23, 79, 0
24, 25, 1.69906e-05
24, 26, 0
24, 27, 0.0062035
24, 28, 0
24, 29, 0
24, 30, 0
24, 31, 0
24, 32, 0
24, 33, 0
24, 34, 0
24, 35, 0
24, 36, 0
24, 37, 0
24, 38, 0
24, 39, 0.00950961
24, 40, 0
24, 41, 2.40541e-11
24, 42, 0
24, 43, 0
24, 44, 0
24, 45, 2.58368e-15
24, 46, 0
24, 47, 0
24, 48, 0.281066
24, 49, 0
24, 50, 0.000114598
24, 51, 0
24, 52, 0.01326
24, 53, 0
24, 54, 0
24, 55, 0
24, 56, 0
24, 57, 0
24, 58, 0
24, 59, 0
24, 60, 0
24, 61, 0
24, 62, 1.17411e-06
24, 63, 0
24, 64, 0
24, 65, 0
24, 66, 0
24, 67, 0
24, 68, 0
24, 69, 0
24, 70, 0
24, 71, 0
24, 72, 0
24, 73, 0
24, 74, 3.52979e-06
24, 75, 3.82512e-07
24, 76, 0
24, 77, 0
24, 78, 0
24, 79, 0.00861955
25, 26, 0
25, 27, 0
25, 28, 0
25, 29, 0
25, 30, 0
25, 31, 0
25, 32, 0.0737793
25, 33, 0
25, 34, 0.236952
25, 35, 0
25, 36, 0
25, 37, 5.121e-18
25, 38, 0
25, 39, 0
25, 40, 0
25, 41, 0.0098508
25, 42, 0
25, 43, 0.0828967
25, 44, 0
25, 45, 0.00284939
25, 46, 0
25, 47, 0.098374
25, 48, 0.0120957
25, 49, 1.08528e-28
25, 50, 0.312073
25, 51, 0
25, 52, 0.292159
25, 53, 0
25, 54, 0.0858551
25, 55, 0.954597
25, 56, 0.000101594
25, 57, 0
25, 58, 0.101875
25, 59, 9.99962e-06
25, 60, 7.12675e-18
25, 61, 0.112769
25, 62, 0
25, 63, 0
25, 64, 0
25, 65, 0
25, 66, 0
25, 67, 1.68722e-06
25, 68, 0
25, 69, 0
25, 70, 0
25, 71, 0
25, 72, 0
25, 73, 0
25, 74, 0.000276544
25, 75, 0.204407
25, 76, 0
25, 77, 0
25, 78, 1.42845e-24
25, 79, 0
26, 27, 0
26, 28, 0
26, 29, 0.0788006
26, 30, 0
26, 31, 0
26, 32, 0
26, 33, 5.2832e-09
26, 34, 0
26, 35, 0
26, 36, 0
26, 37, 0
26, 38, 0
26, 39, 0
26, 40, 0
26, 41, 0.304275
26, 42, 0.0833333
26, 43, 0.0736258
26, 44, 0
26, 45, 0
26, 46, 0
26, 47, 0
26, 48, 0.984294
26, 49, 0
26, 50, 0
26, 51, 0
26, 52, 0
26, 53, 0
26, 54, 0
26, 55, 0
26, 56, 0
26, 57, 0
26, 58, 0
26, 59, 0
26, 60, 0
26, 61, 0
26, 62, 0
26, 63, 0
26, 64, 0
26, 65, 0
26, 66, 0
26, 67, 0
26, 68, 0
26, 69, 0
26, 70, 0
26, 71, 0
26, 72, 0
26, 73, 0
26, 74, 0
26, 75, 0
26, 76, 0
26, 77, 0
26, 78, 0
26, 79, 0
27, 28, 0
27, 29, 0.388145
27, 30, 0.118913
27, 31, 0
27, 32, 0.143267
27, 33, 0
27, 34, 0
27, 35, 0
27, 36, 0
27, 37, 0
27, 38, 0
27, 39, 0
27, 40, 0
27, 41, 0.0393341
27, 42, 0
27, 43, 7.47885e-09
27, 44, 3.61396e-05
27, 45, 7.46333e-35
27, 46, 0
27, 47, 0
27, 48, 0.0264524
27, 49, 0
27, 50, 0
27, 51, 0
27, 52, 0
27, 53, 0
27, 54, 0.0818311
27, 55, 0
27, 56, 0
27, 57, 0
27, 58, 0.220557
27, 59, 0
27, 60, 1.86923e-21
27, 61, 0.0905932
27, 62, 0
27, 63, 7.15504e-33
27, 64, 0
27, 65, 0
27, 66, 0.00651033
27, 67, 0
27, 68, 1.04926e-05
27, 69, 0
27, 70, 0
27, 71, 0
27, 72, 3.07869e-19
27, 73, 0
27, 74, 0.0003125
27, 75, 0
27, 76, 0.00519045
27, 77, 0
27, 78, 8.03128e-23
27, 79, 0
28, 29, 0
28, 30, 0
28, 31, 0
28, 32, 0
28, 33, 0
28, 34, 0
28, 35, 0
28, 36, 0
28, 37, 0
28, 38, 0
28, 39, 0
28, 40, 0
28, 41, 0
28, 42, 0
28, 43, 0
28, 44, 0
28, 45, 0
28, 46, 0
28, 47, 0
28, 48, 0
28, 49, 0
28, 50, 0
28, 51, 0
28, 52, 0
28, 53, 0
28, 54, 0
28, 55, 0
28, 56, 0
28, 57, 0
28, 58, 0
28, 59, 0
28, 60, 0
28, 61, 0
28, 62, 0
28, 63, 0
28, 64, 0.147067
28, 65, 0
28, 66, 0
28, 67, 0
28, 68, 0
28, 69, 0
28, 70, 0
28, 71, 0
28, 72, 0
28, 73, 0.0252324
28, 74, 0
28, 75, 0
28, 76, 0
28, 77, 0
28, 78, 0
28, 79, 0
29, 30, 0
29, 31, 0
29, 32, 0
29, 33, 4.04299e-05
29, 34, 4.8116e-05
29, 35, 0
29, 36, 0
29, 37, 0
29, 38, 0
29, 39, 1.79491e-18
29, 40, 0
29, 41, 0.00119829
29, 42, 0
29, 43, 0
29, 44, 1.75929e-21
29, 45, 7.14542e-06
29, 46, 0
29, 47, 0.000396522
29, 48, 1.69787e-13
29, 49, 0
29, 50, 0
29, 51, 0.0502439
29, 52, 0
29, 53, 0
29, 54, 0
29, 55, 0
29, 56, 4.94523e-20
29, 57, 0
29, 58, 0
29, 59, 1.1755e-06
29, 60, 0.113338
29, 61, 0
29, 62, 2.32692e-19
29, 63, 0.730318
29, 64, 0
29, 65, 0
29, 66, 0.000981864
29, 67, 0
29, 68, 0.000912651
29, 69, 0.0158003
29, 70, 0
29, 71, 0
29, 72, 0.000248705
29, 73, 4.24704e-13
29, 74, 0.74553
29, 75, 0
29, 76, 1.68915e-19
29, 77, 0
29, 78, 3.41084e-16
29, 79, 0
30, 31, 0
30, 32, 0
30, 33, 0
30, 34, 8.95959e-08
30, 35, 0
30, 36, 0
30, 37, 0
30, 38, 0
30, 39, 0
30, 40, 0.191801
30, 41, 0
30, 42, 0
30, 43, 0
30, 44, 0
30, 45, 0
30, 46, 1.60619e-08
30, 47, 0
30, 48, 0
30, 49, 0.268511
30, 50, 0
30, 51, 0
30, 52, 0
30, 53, 0
30, 54, 0
30, 55, 0
30, 56, 0
30, 57, 0
30, 58, 0
30, 59, 0
30, 60, 0.487969
30, 61, 0
30, 62, 0
30, 63, 0
30, 64, 0.000175759
30, 65, 0
30, 66, 0
30, 67, 0
30, 68, 0
30, 69, 0
30, 70, 0.0196199
30, 71, 0
30, 72, 0
30, 73, 0
30, 74, 0.0129627
30, 75, 0
30, 76, 0
30, 77, 2.72759e-07
30, 78, 0.00603735
30, 79, 0
31, 32, 0
31, 33, 0
31, 34, 0
31, 35, 0
31, 36, 0
31, 37, 0
31, 38, 0
31, 39, 0
31, 40, 0
31, 41, 0
31, 42, 0
31, 43, 0
31, 44, 0
31, 45, 0
31, 46, 0
31, 47, 0
31, 48, 0
31, 49, 0
31, 50, 0
31, 51, 0
31, 52, 0
31, 53, 0
31, 54, 0
31, 55, 0
31, 56, 0
31, 57, 0
31, 58, 0
31, 59, 0
31, 60, 0
31, 61, 0
31, 62, 0
31, 63, 0
31, 64, 0
31, 65, 0
31, 66, 0
31, 67, 0
31, 68, 0
31, 69, 0
31, 70, 0
31, 71, 0
31, 72, 0
31, 73, 0
31, 74, 0
31, 75, 0
31, 76, 0
31, 77, 0
31, 78, 0
31, 79, 0
32, 33, 0.00134641
32, 34, 0.0193158
32, 35, 0
32, 36, 0
32, 37, 0
32, 38, 0
32, 39, 0
32, 40, 0
32, 41, 0.0689962
32, 42, 0
32, 43, 0
32, 44, 0
32, 45, 0.083064
32, 46, 0
32, 47, 0.00579027
32, 48, 3.26644e-12
32, 49, 5.53988e-17
32, 50, 3.55274e-18
32, 51, 0.127093
32, 52, 0
32, 53, 0
32, 54, 0
32, 55, 0
32, 56, 0
32, 57, 0
32, 58, 0
32, 59, 8.20722e-06
32, 60, 0.0309977
32, 61, 0
32, 62, 0.028273
32, 63, 0.0652946
32, 64, 3.68905e-05
32, 65, 0
32, 66, 0
32, 67, 4.10598e-19
32, 68, 0.00131539
32, 69, 0.00109236
32, 70, 0
32, 71, 0
32, 72, 0.0169868
32, 73, 2.68443e-12
32, 74, 0
32, 75, 3.83909e-21
32, 76, 4.79607e-05
32, 77, 0
32, 78, 2.18763e-13
32, 79, 0
33, 34, 0
33, 35, 0
33, 36, 0
33, 37, 0
33, 38, 0
33, 39, 0
33, 40, 0
33, 41, 0.28487
33, 42, 0.875
33, 43, 0.137247
33, 44, 0
33, 45, 0
33, 46, 0
33, 47, 0
33, 48, 0.968588
33, 49, 0
33, 50, 0
33, 51, 0
33, 52, 0
33, 53, 0
33, 54, 0
33, 55, 0
33, 56, 0
33, 57, 0
33, 58, 0
33, 59, 0
33, 60, 0
33, 61, 0
33, 62, 0
33, 63, 0
33, 64, 0
33, 65, 0
33, 66, 0
33, 67, 0
33, 68, 0
33, 69, 0
33, 70, 0
33, 71, 0
33, 72, 0
33, 73, 0
33, 74, 0
33, 75, 0
33, 76, 0
33, 77, 0
33, 78, 0
33, 79, 0
34, 35, 0
34, 36, 0
34, 37, 0.019705
34, 38, 0
34, 39, 4.98699e-29
34, 40, 5.30039e-05
34, 41, 0.0226828
34, 42, 0
34, 43, 9.32767e-17
34, 44, 0.195254
34, 45, 0.115638
34, 46, 0
34, 47, 0
34, 48, 6.04853e-14
34, 49, 0
34, 50, 0
34, 51, 0
34, 52, 1.02629e-10
34, 53, 0.189671
34, 54, 0.0311643
34, 55, 0.125942
34, 56, 0
34, 57, 0
34, 58, 0.0141335
34, 59, 0
34, 60, 0.00126675
34, 61, 0.0381412
34, 62, 0
34, 63, 0
34, 64, 0
34, 65, 0
34, 66, 0
34, 67, 0.0463426
34, 68, 0
34, 69, 0
34, 70, 0
34, 71, 0
34, 72, 0
34, 73, 1.33561e-14
34, 74, 0
34, 75, 0.105687
34, 76, 0
34, 77, 2.94004e-09
34, 78, 2.97551e-12
34, 79, 0
35, 36, 0
35, 37, 0
35, 38, 0
35, 39, 0
35, 40, 0
35, 41, 0.16723
35, 42, 0
35, 43, 0.000713866
35, 44, 0
35, 45, 0
35, 46, 0
35, 47, 0
35, 48, 6.4275e-11
35, 49, 0
35, 50, 0
35, 51, 0
35, 52, 0
35, 53, 0
35, 54, 0.00820451
35, 55, 0
35, 56, 0
35, 57, 0
35, 58, 0.00374802
35, 59, 0
35, 60, 2.53576e-21
35, 61, 0
35, 62, 1.80227e-29
35, 63, 0
35, 64, 0
35, 65, 0
35, 66, 0.961814
35, 67, 3.16935e-27
35, 68, 0
35, 69, 0.383379
35, 70, 0
35, 71, 0
35, 72, 0
35, 73, 0
35, 74, 0
35, 75, 0
35, 76, 0.550745
35, 77, 0
35, 78, 0.0335436
35, 79, 0
36, 37, 0
36, 38, 0
36, 39, 0
36, 40, 0
36, 41, 9.93639e-26
36, 42, 0.03125
36, 43, 0
36, 44, 0
36, 45, 0
36, 46, 0
36, 47, 0
36, 48, 0
36, 49, 0
36, 50, 0
36, 51, 0
36, 52, 0
36, 53, 0
36, 54, 0
36, 55, 0
36, 56, 0
36, 57, 0
36, 58, 0
36, 59, 0
36, 60, 6.28381e-22
36, 61, 0
36, 62, 0
36, 63, 0
36, 64, 0
36, 65, 0
36, 66, 0.0125
36, 67, 0
36, 68, 0
36, 69, 0
36, 70, 0
36, 71, 0
36, 72, 0
36, 73, 0
36, 74, 0
36, 75, 0
36, 76, 0
36, 77, 0
36, 78, 0.00209627
36, 79, 0
37, 38, 0
37, 39, 0
37, 40, 0
37, 41, 0.265703
37, 42, 0
37, 43, 2.11726e-34
37, 44, 0
37, 45, 0.000143748
37, 46, 0
37, 47, 0.383417
37, 48, 2.91971e-11
37, 49, 5.07728e-16
37, 50, 0
37, 51, 0
37, 52, 0
37, 53, 0
37, 54, 0.234334
37, 55, 0
37, 56, 2.17298e-06
37, 57, 0
37, 58, 7.26512e-30
37, 59, 0.000365692
37, 60, 0.0625
37, 61, 0.0154602
37, 62, 0
37, 63, 0
37, 64, 0.380653
37, 65, 0
37, 66, 0.235902
37, 67, 0
37, 68, 0
37, 69, 0
37, 70, 0
37, 71, 0
37, 72, 0
37, 73, 0
37, 74, 0
37, 75, 0
37, 76, 0
37, 77, 0
37, 78, 4.43662e-14
37, 79, 0
38, 39, 0
38, 40, 0
38, 41, 0.0153604
38, 42, 0
38, 43, 0
38, 44, 0
38, 45, 0.005672
38, 46, 0
38, 47, 0
38, 48, 3.2263e-05
38, 49, 0
38, 50, 0.0028
38, 51, 0
38, 52, 0
38, 53, 0.0625
38, 54, 0.628843
38, 55, 0
38, 56, 0
38, 57, 0
38, 58, 0.103549
38, 59, 5.70838e-18
38, 60, 0
38, 61, 0
38, 62, 0
38, 63, 0
38, 64, 0
38, 65, 0
38, 66, 0
38, 67, 0.186839
38, 68, 0
38, 69, 0
38, 70, 0
38, 71, 0
38, 72, 0
38, 73, 0
38, 74, 0
38, 75, 0
38, 76, 0
38, 77, 0
38, 78, 0
38, 79, 0
39, 40, 0
39, 41, 0
39, 42, 0
39, 43, 0
39, 44, 0
39, 45, 0
39, 46, 0
39, 47, 0.04
39, 48, 0.142139
39, 49, 0
39, 50, 0
39, 51, 0
39, 52, 1.91112e-11
39, 53, 0
39, 54, 0.013173
39, 55, 0
39, 56, 0
39, 57, 0
39, 58, 0.0162366
39, 59, 2.50599e-24
39, 60, 0
39, 61, 0.0212796
39, 62, 0.496487
39, 63, 0
39, 64, 0
39, 65, 0
39, 66, 0
39, 67, 0
39, 68, 0
39, 69, 0
39, 70, 0
39, 71, 0
39, 72, 0
39, 73, 0
39, 74, 0
39, 75, 1.25938e-07
39, 76, 0
39, 77, 0
39, 78, 0
39, 79, 0
40, 41, 2.46101e-26
40, 42, 0
40, 43, 6.8927e-33
40, 44, 0
40, 45, 0
40, 46, 0.5
40, 47, 0
40, 48, 0
40, 49, 0.0776279
40, 50, 0
40, 51, 0
40, 52, 0
40, 53, 0
40, 54, 0
40, 55, 0
40, 56, 0
40, 57, 7.07971e-11
40, 58, 0
40, 59, 0
40, 60, 0.017983
40, 61, 0
40, 62, 0
40, 63, 0
40, 64, 0
40, 65, 0
40, 66, 0.0625
40, 67, 0
40, 68, 0
40, 69, 5.63496e-07
40, 70, 0
40, 71, 0
40, 72, 0
40, 73, 0
40, 74, 0
40, 75, 0.0120531
40, 76, 0.210739
40, 77, 1.81926e-14
40, 78, 1.89083e-07
40, 79, 0
41, 42, 0
41, 43, 3.4349e-14
41, 44, 3.47247e-32
41, 45, 0
41, 46, 0.00131561
41, 47, 9.475e-33
41, 48, 0
41, 49, 1.32715e-12
41, 50, 0.0253335
41, 51, 0.102223
41, 52, 3.10907e-11
41, 53, 0.0140332
41, 54, 0.120456
41, 55, 0.078478
41, 56, 0
41, 57, 0
41, 58, 0.0728831
41, 59, 0.0773681
41, 60, 0.0773399
41, 61, 0.00641928
41, 62, 0.0366746
41, 63, 0.0555129
41, 64, 0
41, 65, 0
41, 66, 9.68459e-05
41, 67, 0
41, 68, 0.0811038
41, 69, 0.112352
41, 70, 3.06485e-25
41, 71, 0.127098
41, 72, 0.166342
41, 73, 8.39024e-18
41, 74, 0
41, 75, 0.0238733
41, 76, 0.0864082
41, 77, 0.0708101
41, 78, 1.14377e-15
41, 79, 0
42, 43, 0
42, 44, 0
42, 45, 0
42, 46, 0.00717517
42, 47, 0
42, 48, 3.92336e-41
42, 49, 0.0120027
42, 50, 0
42, 51, 0
42, 52, 0
42, 53, 0
42, 54, 0
42, 55, 0
42, 56, 0
42, 57, 0
42, 58, 0
42, 59, 0
42, 60, 0
42, 61, 0
42, 62, 0
42, 63, 0
42, 64, 0
42, 65, 2.98117e-17
42, 66, 0
42, 67, 0
42, 68, 0
42, 69, 0.125
42, 70, 0
42, 71, 0
42, 72, 0
42, 73, 0
42, 74, 0
42, 75, 0
42, 76, 6.10342e-34
42, 77, 0
42, 78, 0
42, 79, 0
43, 44, 0
43, 45, 5.16197e-13
43, 46, 0.000692312
43, 47, 1.68534e-23
43, 48, 0.176943
43, 49, 0.023442
43, 50, 0.0142713
43, 51, 0.0914322
43, 52, 0
43, 53, 0.00123207
43, 54, 0
43, 55, 0
43, 56, 0
43, 57, 0
43, 58, 0
43, 59, 3.56634e-18
43, 60, 3.75884e-10
43, 61, 0
43, 62, 1.13462e-12
43, 63, 4.6766e-11
43, 64, 0
43, 65, 0
43, 66, 0
43, 67, 7.80699e-16
43, 68, 8.91757e-13
43, 69, 3.79492e-08
43, 70, 0
43, 71, 0.0107303
43, 72, 1.08368e-11
43, 73, 0.44701
43, 74, 0
43, 75, 1.20989e-18
43, 76, 1.58455e-10
43, 77, 0
43, 78, 0.0498437
43, 79, 0
44, 45, 5.90879e-13
44, 46, 0
44, 47, 0
44, 48, 0.201109
44, 49, 0
44, 50, 4.17138e-06
44, 51, 0
44, 52, 0.00966883
44, 53, 0
44, 54, 1.00904e-27
44, 55, 0
44, 56, 0
44, 57, 0
44, 58, 4.6494e-33
44, 59, 0.325728
44, 60, 0
44, 61, 2.49018e-25
44, 62, 1.92753e-07
44, 63, 0
44, 64, 0
44, 65, 0
44, 66, 0.0214844
44, 67, 0
44, 68, 0
44, 69, 0.0267469
44, 70, 0
44, 71, 0
44, 72, 0
44, 73, 1.45589e-32
44, 74, 0
44, 75, 3.54242e-20
44, 76, 0
44, 77, 0
44, 78, 2.41801e-25
44, 79, 0
45, 46, 8.46411e-37
45, 47, 7.88111e-13
45, 48, 2.63103e-21
45, 49, 1.11626e-13
45, 50, 0.779471
45, 51, 0.0420231
45, 52, 1.21641e-11
45, 53, 0.233547
45, 54, 0.118241
45, 55, 0.0028834
45, 56, 0
45, 57, 0
45, 58, 0.0980659
45, 59, 0.0186596
45, 60, 0.174665
45, 61, 0.021428
45, 62, 0
45, 63, 0
45, 64, 0
45, 65, 0
45, 66, 2.81221e-06
45, 67, 0
45, 68, 1.35044e-16
45, 69, 0
45, 70, 0
45, 71, 0
45, 72, 4.18778e-24
45, 73, 5.56151e-14
45, 74, 0
45, 75, 0.00292354
45, 76, 0
45, 77, 0.0431159
45, 78, 2.15028e-13
45, 79, 0
46, 47, 0
46, 48, 0
46, 49, 0.0231771
46, 50, 0
46, 51, 0
46, 52, 1.18964e-18
46, 53, 0
46, 54, 3.37477e-22
46, 55, 0
46, 56, 0
46, 57, 0
46, 58, 1.11083e-27
46, 59, 0
46, 60, 2.08136e-34
46, 61, 8.12088e-30
46, 62, 0
46, 63, 0
46, 64, 0
46, 65, 0.839772
46, 66, 0
46, 67, 9.89914e-09
46, 68, 0
46, 69, 0
46, 70, 0
46, 71, 0
46, 72, 0
46, 73, 0
46, 74, 0
46, 75, 8.01672e-25
46, 76, 0
46, 77, 0
46, 78, 0
46, 79, 0
47, 48, 5.87577e-27
47, 49, 0.127276
47, 50, 0
47, 51, 0
47, 52, 0
47, 53, 0
47, 54, 0
47, 55, 8.35757e-05
47, 56, 0
47, 57, 0
47, 58, 0
47, 59, 0
47, 60, 0.0546834
47, 61, 0
47, 62, 0
47, 63, 9.56381e-16
47, 64, 0.164913
47, 65, 0
47, 66, 0
47, 67, 0
47, 68, 0
47, 69, 0
47, 70, 0
47, 71, 0
47, 72, 0.3211
47, 73, 0.0339707
47, 74, 4.63586e-10
47, 75, 0
47, 76, 0
47, 77, 0
47, 78, 0.144894
47, 79, 0
48, 49, 0.00148902
48, 50, 6.19658e-12
48, 51, 0.657277
48, 52, 0.0360243
48, 53, 0
48, 54, 8.84772e-11
48, 55, 1.48688e-09
48, 56, 0
48, 57, 0
48, 58, 5.37732e-12
48, 59, 1.20606e-11
48, 60, 3.93018e-13
48, 61, 3.40581e-10
48, 62, 8.52273e-12
48, 63, 5.99896e-42
48, 64, 4.37582e-12
48, 65, 0
48, 66, 2.21289e-10
48, 67, 0
48, 68, 0
48, 69, 5.36417e-42
48, 70, 0
48, 71, 2.88051e-11
48, 72, 0
48, 73, 0.168553
48, 74, 0.0378643
48, 75, 4.93432e-06
48, 76, 0.0198393
48, 77, 1.10098e-22
48, 78, 0.0417139
48, 79, 0.151659
49, 50, 0.0103322
49, 51, 0.00238318
49, 52, 0.00632996
49, 53, 6.87796e-05
49, 54, 1.33088e-12
49, 55, 0
49, 56, 0
49, 57, 1.33381e-12
49, 58, 1.61803e-13
49, 59, 0
49, 60, 1.33707e-14
49, 61, 0
49, 62, 0
49, 63, 0
49, 64, 0
49, 65, 1.7258e-07
49, 66, 0
49, 67, 1.28769e-13
49, 68, 5.04644e-33
49, 69, 0
49, 70, 0.00105286
49, 71, 0
49, 72, 5.50966e-14
49, 73, 0.0395067
49, 74, 0
49, 75, 7.46506e-13
49, 76, 0
49, 77, 0
49, 78, 0
49, 79, 0
50, 51, 0
50, 52, 0
50, 53, 0
50, 54, 0.271433
50, 55, 0.0212299
50, 56, 0
50, 57, 0
50, 58, 0.00275607
50, 59, 0
50, 60, 0.224081
50, 61, 0.735731
50, 62, 0.9375
50, 63, 0
50, 64, 0.0779688
50, 65, 0
50, 66, 0.999996
50, 67, 3.21856e-28
50, 68, 0
50, 69, 0
50, 70, 0
50, 71, 0
50, 72, 0.0984832
50, 73, 0.07543
50, 74, 0.000255461
50, 75, 0
50, 76, 0
50, 77, 0
50, 78, 2.12004e-11
50, 79, 0
51, 52, 0
51, 53, 0
51, 54, 0
51, 55, 0
51, 56, 0
51, 57, 0
51, 58, 0.00245819
51, 59, 0
51, 60, 0.132859
51, 61, 0
51, 62, 0
51, 63, 1.79061e-26
51, 64, 0
51, 65, 0
51, 66, 0
51, 67, 0
51, 68, 0.314504
51, 69, 0
51, 70, 0
51, 71, 0
51, 72, 1.46796e-05
51, 73, 5.83738e-06
51, 74, 0
51, 75, 0
51, 76, 0
51, 77, 0
51, 78, 0.0704387
51, 79, 0
52, 53, 0
52, 54, 3.82278e-13
52, 55, 0
52, 56, 0
52, 57, 0
52, 58, 5.71265e-16
52, 59, 4.29333e-10
52, 60, 0
52, 61, 4.60212e-11
52, 62, 1.24584e-08
52, 63, 0
52, 64, 9.718e-09
52, 65, 0
52, 66, 8.3243e-26
52, 67, 3.53191e-15
52, 68, 0
52, 69, 0
52, 70, 0
52, 71, 0
52, 72, 3.75997e-11
52, 73, 0
52, 74, 0.0977154
52, 75, 0
52, 76, 0
52, 77, 2.4364e-13
52, 78, 6.14277e-06
52, 79, 4.07139e-07
53, 54, 1.87739e-21
53, 55, 0
53, 56, 0
53, 57, 0
53, 58, 6.1768e-27
53, 59, 0.000640611
53, 60, 0
53, 61, 0
53, 62, 0
53, 63, 0
53, 64, 0
53, 65, 0
53, 66, 0
53, 67, 1.05591e-07
53, 68, 0
53, 69, 0
53, 70, 0
53, 71, 0
53, 72, 0
53, 73, 0
53, 74, 0
53, 75, 0
53, 76, 0
53, 77, 0
53, 78, 0
53, 79, 0
54, 55, 0
54, 56, 0
54, 57, 0
54, 58, 0
54, 59, 0.000440312
54, 60, 0.00366801
54, 61, 0
54, 62, 0.246273
54, 63, 4.47956e-28
54, 64, 2.30126e-14
54, 65, 0
54, 66, 0.00619787
54, 67, 0.176363
54, 68, 0
54, 69, 0.105137
54, 70, 0
54, 71, 0.124173
54, 72, 0.198545
54, 73, 2.47547e-13
54, 74, 0
54, 75, 0.0241302
54, 76, 0.0463818
54, 77, 0
54, 78, 6.23427e-09
54, 79, 0
55, 56, 0.00196213
55, 57, 0
55, 58, 0
55, 59, 3.89399e-05
55, 60, 0
55, 61, 0
55, 62, 1.41252e-09
55, 63, 0
55, 64, 0.0122891
55, 65, 0
55, 66, 0
55, 67, 0.337136
55, 68, 0
55, 69, 0
55, 70, 0
55, 71, 0
55, 72, 0
55, 73, 0
55, 74, 0
55, 75, 2.06894e-11
55, 76, 0
55, 77, 0
55, 78, 0
55, 79, 0
56, 57, 0
56, 58, 0
56, 59, 0
56, 60, 1.72619e-06
56, 61, 0
56, 62, 0
56, 63, 4.27367e-17
56, 64, 0
56, 65, 0
56, 66, 0
56, 67, 0
56, 68, 3.93345e-08
56, 69, 0
56, 70, 0
56, 71, 0
56, 72, 6.02732e-05
56, 73, 0.0879742
56, 74, 0
56, 75, 0
56, 76, 0
56, 77, 0
56, 78, 0
56, 79, 0
57, 58, 0
57, 59, 0
57, 60, 2.03006e-40
57, 61, 0
57, 62, 0
57, 63, 0
57, 64, 0
57, 65, 1.53287e-05
57, 66, 0
57, 67, 0
57, 68, 0
57, 69, 0
57, 70, 1.17492e-05
57, 71, 0
57, 72, 0
57, 73, 0
57, 74, 0
57, 75, 0
57, 76, 0
57, 77, 0.00413868
57, 78, 5.91178e-15
57, 79, 0
58, 59, 9.52241e-06
58, 60, 0.0407398
58, 61, 0.354229
58, 62, 0.320366
58, 63, 0.000394532
58, 64, 0
58, 65, 0
58, 66, 0
58, 67, 0.0372484
58, 68, 0
58, 69, 0.0600446
58, 70, 0
58, 71, 0.0563377
58, 72, 0.125225
58, 73, 6.2539e-13
58, 74, 0.00287411
58, 75, 0.000134511
58, 76, 0.0147789
58, 77, 0.0674766
58, 78, 7.08128e-11
58, 79, 0.0199436
59, 60, 1.30342e-05
59, 61, 0.00321901
59, 62, 0
59, 63, 0
59, 64, 0
59, 65, 0
59, 66, 0.0163592
59, 67, 0.159883
59, 68, 0
59, 69, 0
59, 70, 0
59, 71, 0
59, 72, 0
59, 73, 1.78431e-15
59, 74, 0
59, 75, 0.370426
59, 76, 0
59, 77, 0
59, 78, 2.19738e-41
59, 79, 0
60, 61, 0.00559496
60, 62, 7.91672e-24
60, 63, 0
60, 64, 0.0384832
60, 65, 0
60, 66, 0.0147702
60, 67, 0.400025
60, 68, 0
60, 69, 0
60, 70, 0.209728
60, 71, 0
60, 72, 0
60, 73, 0
60, 74, 0
60, 75, 0
60, 76, 0
60, 77, 0
60, 78, 2.67916e-12
60, 79, 0
61, 62, 0.185544
61, 63, 1.21219e-25
61, 64, 0.00780373
61, 65, 0
61, 66, 0.744537
61, 67, 4.01444e-07
61, 68, 0
61, 69, 0.000592205
61, 70, 0
61, 71, 0
61, 72, 0.224496
61, 73, 6.62667e-13
61, 74, 0.00414161
61, 75, 3.46263e-10
61, 76, 3.47569e-10
61, 77, 0.0881548
61, 78, 6.58812e-16
61, 79, 0.0268149
62, 63, 0
62, 64, 4.13162e-05
62, 65, 0
62, 66, 0.5
62, 67, 0
62, 68, 8.21343e-37
62, 69, 0
62, 70, 0
62, 71, 0.234375
62, 72, 2.54374e-16
62, 73, 0
62, 74, 1.52237e-05
62, 75, 0.138869
62, 76, 0
62, 77, 0
62, 78, 1.0525e-11
62, 79, 0.00478459
63, 64, 0.164913
63, 65, 0
63, 66, 0
63, 67, 0
63, 68, 0
63, 69, 0
63, 70, 0
63, 71, 0
63, 72, 0
63, 73, 2.93129e-17
63, 74, 0
63, 75, 0
63, 76, 0
63, 77, 0
63, 78, 6.98876e-15
63, 79, 0
64, 65, 0
64, 66, 0
64, 67, 0
64, 68, 0.023016
64, 69, 0
64, 70, 0
64, 71, 0
64, 72, 0.114549
64, 73, 1.18405e-09
64, 74, 0
64, 75, 5.71598e-05
64, 76, 0
64, 77, 0
64, 78, 0
64, 79, 0
65, 66, 0
65, 67, 0
65, 68, 0
65, 69, 0
65, 70, 0.110966
65, 71, 0
65, 72, 0
65, 73, 0
65, 74, 0
65, 75, 0
65, 76, 0
65, 77, 3.08642e-06
65, 78, 0.00104028
65, 79, 0
66, 67, 0
66, 68, 0
66, 69, 0.32758
66, 70, 0
66, 71, 0.155769
66, 72, 0.604969
66, 73, 7.92999e-13
66, 74, 1.92397e-31
66, 75, 1.00618e-21
66, 76, 0
66, 77, 0
66, 78, 0
66, 79, 0
67, 68, 0
67, 69, 0
67, 70, 1.74736e-31
67, 71, 1.6392e-27
67, 72, 0.5
67, 73, 7.42688e-44
67, 74, 0
67, 75, 0.0331683
67, 76, 0
67, 77, 0.0162119
67, 78, 0
67, 79, 0
68, 69, 0
68, 70, 0
68, 71, 0
68, 72, 0
68, 73, 0
68, 74, 0
68, 75, 0
68, 76, 0
68, 77, 0
68, 78, 1.92229e-15
68, 79, 0
69, 70, 0
69, 71, 0.397093
69, 72, 0
69, 73, 0
69, 74, 0
69, 75, 0
69, 76, 0
69, 77, 0
69, 78, 2.13238e-17
69, 79, 0
70, 71, 0
70, 72, 0
70, 73, 0
70, 74, 0
70, 75, 0
70, 76, 0
70, 77, 0
70, 78, 0
70, 79, 0
71, 72, 0.00128832
71, 73, 0
71, 74, 0
71, 75, 0
71, 76, 0.255692
71, 77, 0
71, 78, 6.94856e-14
71, 79, 0
72, 73, 0
72, 74, 0
72, 75, 0
72, 76, 1.38705e-06
72, 77, 0
72, 78, 5.00946e-11
72, 79, 0
73, 74, 0
73, 75, 0
73, 76, 0
73, 77, 0
73, 78, 0.11518
73, 79, 0
74, 75, 2.49609e-06
74, 76, 0
74, 77, 0
74, 78, 0
74, 79, 0
75, 76, 0
75, 77, 0.178776
75, 78, 3.07918e-13
75, 79, 7.89542e-06
76, 77, 0
76, 78, 3.7856e-14
76, 79, 0
77, 78, 0.0283055
77, 79, 0
78, 79, 0
